metric,definition_in_pipeline,calibration_use,validation_use,publication_use,literature_support,current_availability,notes,scientific_scope
walking_speed,mean_planar_speed_mm_s,yes,yes,yes,qualitative_only,available_if_rollout_passes,"Use units and observation window from artifact; no numeric target currently approved","computational locomotion model; not a biological Parkinson model"
path_length,planar_path_length_mm,yes,yes,yes,qualitative_or_indirect,available_if_rollout_passes,"Derived trajectory endpoint; not a disease-specific measure","computational locomotion model; not a biological Parkinson model"
trajectory_efficiency,planar_displacement_divided_by_path_length,yes,yes,yes,no_verified_quantitative_support,available_if_rollout_passes,"Report denominator and finite-value checks","computational locomotion model; not a biological Parkinson model"
heading_variance,variance_of_heading_if_exported,optional,yes,yes,qualitative_only,conditional,"Must not substitute heading change for heading variance","computational locomotion model; not a biological Parkinson model"
pause_fraction,immobility_or_pause_duration_fraction,optional,yes,yes,qualitative_only,conditional,"Requires explicit assay threshold and minimum bout duration","computational locomotion model; not a biological Parkinson model"
joint_velocity,joint_velocity_or_RMS_if_exported,optional,yes,yes,qualitative_only,conditional,"Do not infer from thorax speed; require joint arrays","computational locomotion model; not a biological Parkinson model"
symmetry,left_right_symmetry_metric_if_mapping_exists,optional,yes,yes,no_literature_for_asymmetry_proxy,conditional,"Requires verified left/right mapping and sign convention","computational locomotion model; not a biological Parkinson model"
orientation_stability,orientation_variance_or_stability_metric_if_exported,optional,yes,yes,qualitative_only_for_postural_proxy,conditional,"Requires quaternion/orientation convention and finite values","computational locomotion model; not a biological Parkinson model"
COM_displacement,COM_displacement_if_exported,optional,yes,yes,qualitative_only_for_postural_proxy,conditional,"Do not replace with thorax displacement without labeling it","computational locomotion model; not a biological Parkinson model"
