parameter,proxy,parameter_role,evidence_based_direction,healthy_default,proposed_range,calibration_status,validation_status,interaction_notes,scientific_boundary
motor_vigor,motor_vigor,"Global motor-output scaling","Qualitative reduction candidate in Pink1 locomotion contexts","Existing healthy controller default","NOT_PROPOSED","Conditional only; no numeric target","Candidate across climbing/flight/geotaxis papers","May be confounded with coordination and posture","Computational proxy only; not a neuron or dopamine parameter"
coordination,coordination,"Cross-limb/action coordination","Possible reduction; low/medium confidence","Existing healthy coordination","NOT_PROPOSED","Insufficient gait-level evidence","Candidate from flight/crawling/turning mappings","Do not fit independently from motor_vigor without joint/stride data","No claim about neural circuit connectivity"
delay,delay,"Movement initiation or state-transition delay","No evidence-based direction","Existing healthy delay","NOT_PROPOSED","No literature candidate","No validation candidate","Requires event-level timestamps","Not inferred from total climbing time"
noise,noise,"Motor-output/trajectory variability","Possible increase only in trajectory/L-DOPA context","Existing healthy noise","NOT_PROPOSED","Treatment-context candidate only","Candidate for treatment-context trajectory validation","Keep baseline and treatment conditions separate","Not a claim of biological motor noise"
fatigue,fatigue,"Within-session motor-output decline","No evidence-based direction","Existing healthy fatigue","NOT_PROPOSED","No literature candidate","No validation candidate","Age decline is not fatigue evidence","Requires endurance or repeated-bout assay"
latency,latency,"Action/response latency","Possible increase is weakly suggested by completion-time mapping","Existing healthy latency","NOT_PROPOSED","No calibration candidate","Weak validation candidate","Completion time is a composite metric","No separate latency measurement is currently available"
asymmetry,asymmetry,"Left-right motor imbalance","No evidence-based direction","Existing healthy asymmetry","NOT_PROPOSED","No literature candidate","No validation candidate","Do not infer from generic locomotion defect","Requires bilateral measurements"
freezing,freezing,"Operationally defined pause/freezing events","Possible increase weakly suggested by idling","Existing healthy freezing","NOT_PROPOSED","No calibration candidate","Weak validation candidate","Idling must be defined before mapping","No freezing threshold is supplied"
postural_instability,postural_instability,"Static/dynamic posture impairment","Qualitative impairment candidate from wing/thorax phenotypes","Existing healthy posture/orientation","NOT_PROPOSED","Conditional; no numeric frequency/angle target","Candidate for morphology/posture validation","Separate morphology from dynamic orientation variance","Does not model a biological balance circuit"
